{
  "main": {
    "id": "61a892cd992edf55",
    "type": "split",
    "children": [
      {
        "id": "f327f638e31de611",
        "type": "tabs",
        "children": [
          {
            "id": "f87f2c7ead6cc856",
            "type": "leaf",
            "state": {
              "type": "empty",
              "state": {}
            }
          }
        ]
      }
    ],
    "direction": "vertical"
  },
  "left": {
    "id": "7bbc3362bffbaf70",
    "type": "split",
    "children": [
      {
        "id": "40a0c31e3c4c8534",
        "type": "tabs",
        "children": [
          {
            "id": "26518df773b932da",
            "type": "leaf",
            "state": {
              "type": "file-explorer",
              "state": {
                "sortOrder": "alphabetical"
              }
            }
          },
          {
            "id": "994b37697c9b801a",
            "type": "leaf",
            "state": {
              "type": "search",
              "state": {
                "query": "",
                "matchingCase": false,
                "explainSearch": false,
                "collapseAll": false,
                "extraContext": false,
                "sortOrder": "alphabetical"
              }
            }
          },
          {
            "id": "01b1e5f3b6170f53",
            "type": "leaf",
            "state": {
              "type": "bookmarks",
              "state": {}
            }
          }
        ]
      }
    ],
    "direction": "horizontal",
    "width": 235.5
  },
  "right": {
    "id": "bc40c7f886cfaff3",
    "type": "split",
    "children": [
      {
        "id": "f265e702dda0ad41",
        "type": "tabs",
        "children": [
          {
            "id": "9206fe51f71a7abe",
            "type": "leaf",
            "state": {
              "type": "backlink",
              "state": {
                "collapseAll": false,
                "extraContext": false,
                "sortOrder": "alphabetical",
                "showSearch": false,
                "searchQuery": "",
                "backlinkCollapsed": false,
                "unlinkedCollapsed": true
              }
            }
          },
          {
            "id": "52268298b9fd9bcd",
            "type": "leaf",
            "state": {
              "type": "outgoing-link",
              "state": {
                "linksCollapsed": false,
                "unlinkedCollapsed": true
              }
            }
          },
          {
            "id": "d9d5016cea3ead3e",
            "type": "leaf",
            "state": {
              "type": "tag",
              "state": {
                "sortOrder": "frequency",
                "useHierarchy": true
              }
            }
          },
          {
            "id": "d548189d81772e2e",
            "type": "leaf",
            "state": {
              "type": "outline",
              "state": {}
            }
          }
        ]
      }
    ],
    "direction": "horizontal",
    "width": 300,
    "collapsed": true
  },
  "left-ribbon": {
    "hiddenItems": {
      "switcher:Open quick switcher": false,
      "graph:Open graph view": false,
      "canvas:Create new canvas": false,
      "daily-notes:Open today's daily note": false,
      "templates:Insert template": false,
      "command-palette:Open command palette": false
    }
  },
  "active": "f87f2c7ead6cc856",
  "lastOpenFiles": [
    "Start here 👈.md"
  ]
}